-- phpMyAdmin SQL Dump
-- version 4.7.7
-- https://www.phpmyadmin.net/
--
-- Host: localhost
-- Generation Time: Sep 01, 2018 at 12:48 PM
-- Server version: 5.6.38
-- PHP Version: 7.2.1

SET SQL_MODE = "NO_AUTO_VALUE_ON_ZERO";
SET time_zone = "+00:00";

--
-- Database: `tutti_sys`
--

-- --------------------------------------------------------

--
-- Table structure for table `history`
--

CREATE TABLE `history` (
  `history_id` int(11) NOT NULL,
  `order_id` int(11) NOT NULL,
  `customer_id` int(11) NOT NULL,
  `seat_num` int(11) NOT NULL,
  `item_id` int(11) NOT NULL,
  `quantity` int(11) NOT NULL,
  `cooking_status` int(1) NOT NULL DEFAULT '0',
  `delivery_status` int(1) NOT NULL DEFAULT '0',
  `payment_status` int(1) NOT NULL DEFAULT '0',
  `created` datetime NOT NULL,
  `modified` timestamp NOT NULL DEFAULT CURRENT_TIMESTAMP ON UPDATE CURRENT_TIMESTAMP
) ENGINE=InnoDB DEFAULT CHARSET=utf8;

--
-- Dumping data for table `history`
--

INSERT INTO `history` (`history_id`, `order_id`, `customer_id`, `seat_num`, `item_id`, `quantity`, `cooking_status`, `delivery_status`, `payment_status`, `created`, `modified`) VALUES
(472, 0, 0, 1, 1, 2, 1, 0, 1, '2018-08-30 17:40:03', '2018-08-30 09:48:13'),
(473, 0, 0, 1, 2, 3, 1, 0, 1, '2018-08-30 17:40:03', '2018-08-30 09:48:13'),
(474, 0, 0, 1, 3, 2, 1, 0, 1, '2018-08-30 17:40:03', '2018-08-30 09:48:13'),
(475, 0, 0, 1, 4, 0, 1, 0, 1, '2018-08-30 17:40:03', '2018-08-30 09:48:13'),
(476, 0, 0, 1, 5, 0, 1, 0, 1, '2018-08-30 17:40:03', '2018-08-30 09:48:13'),
(477, 0, 0, 1, 6, 0, 1, 0, 1, '2018-08-30 17:40:03', '2018-08-30 09:48:13'),
(478, 1, 1, 2, 1, 3, 1, 0, 1, '2018-08-30 17:40:10', '2018-08-30 13:51:19'),
(479, 1, 1, 2, 2, 3, 1, 0, 1, '2018-08-30 17:40:10', '2018-08-30 13:51:19'),
(480, 1, 1, 2, 3, 2, 1, 0, 1, '2018-08-30 17:40:10', '2018-08-30 13:51:19'),
(481, 1, 1, 2, 4, 0, 1, 0, 1, '2018-08-30 17:40:10', '2018-08-30 13:51:19'),
(482, 1, 1, 2, 5, 0, 1, 0, 1, '2018-08-30 17:40:10', '2018-08-30 13:51:19'),
(483, 1, 1, 2, 6, 0, 1, 0, 1, '2018-08-30 17:40:10', '2018-08-30 13:51:19'),
(484, 2, 2, 3, 1, 4, 1, 0, 1, '2018-08-30 17:40:22', '2018-08-30 08:52:57'),
(485, 2, 2, 3, 2, 4, 1, 0, 1, '2018-08-30 17:40:22', '2018-08-30 08:52:57'),
(486, 2, 2, 3, 3, 5, 1, 0, 1, '2018-08-30 17:40:22', '2018-08-30 08:52:57'),
(487, 2, 2, 3, 4, 0, 1, 0, 1, '2018-08-30 17:40:22', '2018-08-30 08:52:57'),
(488, 2, 2, 3, 5, 0, 1, 0, 1, '2018-08-30 17:40:22', '2018-08-30 08:52:57'),
(489, 2, 2, 3, 6, 0, 1, 0, 1, '2018-08-30 17:40:22', '2018-08-30 08:52:57'),
(490, 3, 3, 4, 1, 2, 1, 0, 1, '2018-08-30 17:51:18', '2018-08-30 13:59:09'),
(491, 3, 3, 4, 2, 3, 1, 0, 1, '2018-08-30 17:51:18', '2018-08-30 13:59:09'),
(492, 3, 3, 4, 3, 3, 1, 0, 1, '2018-08-30 17:51:18', '2018-08-30 13:59:09'),
(493, 3, 3, 4, 4, 0, 1, 0, 1, '2018-08-30 17:51:18', '2018-08-30 13:59:09'),
(494, 3, 3, 4, 5, 0, 1, 0, 1, '2018-08-30 17:51:18', '2018-08-30 13:59:09'),
(495, 3, 3, 4, 6, 0, 1, 0, 1, '2018-08-30 17:51:18', '2018-08-30 13:59:09'),
(496, 4, 4, 5, 1, 2, 1, 0, 1, '2018-08-30 17:51:26', '2018-08-30 15:06:24'),
(497, 4, 4, 5, 2, 0, 1, 0, 1, '2018-08-30 17:51:26', '2018-08-30 15:06:24'),
(498, 4, 4, 5, 3, 0, 1, 0, 1, '2018-08-30 17:51:26', '2018-08-30 15:06:24'),
(499, 4, 4, 5, 4, 2, 1, 0, 1, '2018-08-30 17:51:26', '2018-08-30 15:06:24'),
(500, 4, 4, 5, 5, 0, 1, 0, 1, '2018-08-30 17:51:26', '2018-08-30 15:06:24'),
(501, 4, 4, 5, 6, 0, 1, 0, 1, '2018-08-30 17:51:26', '2018-08-30 15:06:24'),
(502, 5, 5, 3, 1, 3, 0, 0, 0, '2018-08-30 17:56:17', '2018-08-30 08:56:17'),
(503, 5, 5, 3, 2, 0, 0, 0, 0, '2018-08-30 17:56:17', '2018-08-30 08:56:17'),
(504, 5, 5, 3, 3, 4, 0, 0, 0, '2018-08-30 17:56:17', '2018-08-30 08:56:17'),
(505, 5, 5, 3, 4, 0, 0, 0, 0, '2018-08-30 17:56:17', '2018-08-30 08:56:17'),
(506, 5, 5, 3, 5, 0, 0, 0, 0, '2018-08-30 17:56:17', '2018-08-30 08:56:17'),
(507, 5, 5, 3, 6, 0, 0, 0, 0, '2018-08-30 17:56:17', '2018-08-30 08:56:17'),
(508, 6, 6, 8, 1, 2, 1, 0, 0, '2018-08-30 18:18:13', '2018-08-30 09:44:48'),
(509, 6, 6, 8, 2, 3, 1, 0, 0, '2018-08-30 18:18:13', '2018-08-30 09:44:48'),
(510, 6, 6, 8, 3, 4, 1, 0, 0, '2018-08-30 18:18:13', '2018-08-30 09:44:48'),
(511, 6, 6, 8, 4, 2, 1, 0, 0, '2018-08-30 18:18:13', '2018-08-30 09:44:48'),
(512, 6, 6, 8, 5, 2, 1, 0, 0, '2018-08-30 18:18:13', '2018-08-30 09:44:48'),
(513, 6, 6, 8, 6, 0, 1, 0, 0, '2018-08-30 18:18:13', '2018-08-30 09:44:48'),
(514, 7, 7, 7, 1, 1, 0, 0, 0, '2018-08-30 18:18:27', '2018-08-30 09:18:27'),
(515, 7, 7, 7, 2, 3, 0, 0, 0, '2018-08-30 18:18:27', '2018-08-30 09:18:27'),
(516, 7, 7, 7, 3, 4, 0, 0, 0, '2018-08-30 18:18:27', '2018-08-30 09:18:27'),
(517, 7, 7, 7, 4, 1, 0, 0, 0, '2018-08-30 18:18:27', '2018-08-30 09:18:27'),
(518, 7, 7, 7, 5, 0, 0, 0, 0, '2018-08-30 18:18:27', '2018-08-30 09:18:27'),
(519, 7, 7, 7, 6, 0, 0, 0, 0, '2018-08-30 18:18:27', '2018-08-30 09:18:27'),
(520, 8, 8, 6, 1, 1, 1, 0, 1, '2018-08-30 18:21:21', '2018-08-30 14:01:57'),
(521, 8, 8, 6, 2, 2, 1, 0, 1, '2018-08-30 18:21:21', '2018-08-30 14:01:57'),
(522, 8, 8, 6, 3, 3, 1, 0, 1, '2018-08-30 18:21:21', '2018-08-30 14:01:57'),
(523, 8, 8, 6, 4, 3, 1, 0, 1, '2018-08-30 18:21:21', '2018-08-30 14:01:57'),
(524, 8, 8, 6, 5, 1, 1, 0, 1, '2018-08-30 18:21:21', '2018-08-30 14:01:57'),
(525, 8, 8, 6, 6, 2, 1, 0, 1, '2018-08-30 18:21:21', '2018-08-30 14:01:57'),
(526, 9, 9, 9, 1, 2, 1, 0, 1, '2018-08-30 18:23:37', '2018-08-30 14:15:13'),
(527, 9, 9, 9, 2, 0, 1, 0, 1, '2018-08-30 18:23:37', '2018-08-30 14:15:13'),
(528, 9, 9, 9, 3, 0, 1, 0, 1, '2018-08-30 18:23:37', '2018-08-30 14:15:13'),
(529, 9, 9, 9, 4, 0, 1, 0, 1, '2018-08-30 18:23:37', '2018-08-30 14:15:13'),
(530, 9, 9, 9, 5, 0, 1, 0, 1, '2018-08-30 18:23:37', '2018-08-30 14:15:13'),
(531, 9, 9, 9, 6, 0, 1, 0, 1, '2018-08-30 18:23:37', '2018-08-30 14:15:13'),
(532, 10, 10, 10, 1, 1, 0, 0, 0, '2018-08-30 18:35:52', '2018-08-30 09:35:52'),
(533, 10, 10, 10, 2, 0, 0, 0, 0, '2018-08-30 18:35:52', '2018-08-30 09:35:52'),
(534, 10, 10, 10, 3, 0, 0, 0, 0, '2018-08-30 18:35:52', '2018-08-30 09:35:52'),
(535, 10, 10, 10, 4, 1, 0, 0, 0, '2018-08-30 18:35:52', '2018-08-30 09:35:52'),
(536, 10, 10, 10, 5, 0, 0, 0, 0, '2018-08-30 18:35:52', '2018-08-30 09:35:52'),
(537, 10, 10, 10, 6, 0, 0, 0, 0, '2018-08-30 18:35:52', '2018-08-30 09:35:52'),
(538, 11, 11, 1, 1, 2, 1, 0, 1, '2018-08-30 18:48:21', '2018-08-30 14:48:27'),
(539, 11, 11, 1, 2, 0, 1, 0, 1, '2018-08-30 18:48:21', '2018-08-30 14:48:27'),
(540, 11, 11, 1, 3, 0, 1, 0, 1, '2018-08-30 18:48:21', '2018-08-30 14:48:27'),
(541, 11, 11, 1, 4, 0, 1, 0, 1, '2018-08-30 18:48:21', '2018-08-30 14:48:27'),
(542, 11, 11, 1, 5, 0, 1, 0, 1, '2018-08-30 18:48:21', '2018-08-30 14:48:27'),
(543, 11, 11, 1, 6, 0, 1, 0, 1, '2018-08-30 18:48:21', '2018-08-30 14:48:27'),
(544, 12, 12, 2, 1, 1, 1, 0, 1, '2018-08-30 22:51:32', '2018-08-30 14:17:25'),
(545, 12, 12, 2, 2, 2, 1, 0, 1, '2018-08-30 22:51:32', '2018-08-30 14:17:25'),
(546, 12, 12, 2, 3, 2, 1, 0, 1, '2018-08-30 22:51:32', '2018-08-30 14:17:25'),
(547, 12, 12, 2, 4, 2, 1, 0, 1, '2018-08-30 22:51:32', '2018-08-30 14:17:25'),
(548, 12, 12, 2, 5, 3, 1, 0, 1, '2018-08-30 22:51:32', '2018-08-30 14:17:25'),
(549, 12, 12, 2, 6, 2, 1, 0, 1, '2018-08-30 22:51:32', '2018-08-30 14:17:25'),
(550, 13, 13, 4, 1, 2, 0, 0, 0, '2018-08-30 22:59:16', '2018-08-30 13:59:16'),
(551, 13, 13, 4, 2, 0, 0, 0, 0, '2018-08-30 22:59:16', '2018-08-30 13:59:16'),
(552, 13, 13, 4, 3, 0, 0, 0, 0, '2018-08-30 22:59:16', '2018-08-30 13:59:16'),
(553, 13, 13, 4, 4, 0, 0, 0, 0, '2018-08-30 22:59:16', '2018-08-30 13:59:16'),
(554, 13, 13, 4, 5, 0, 0, 0, 0, '2018-08-30 22:59:16', '2018-08-30 13:59:16'),
(555, 13, 13, 4, 6, 0, 0, 0, 0, '2018-08-30 22:59:16', '2018-08-30 13:59:16'),
(556, 14, 14, 6, 1, 2, 1, 0, 0, '2018-08-30 23:02:05', '2018-08-30 14:11:14'),
(557, 14, 14, 6, 2, 0, 1, 0, 0, '2018-08-30 23:02:05', '2018-08-30 14:11:14'),
(558, 14, 14, 6, 3, 0, 1, 0, 0, '2018-08-30 23:02:05', '2018-08-30 14:11:14'),
(559, 14, 14, 6, 4, 0, 1, 0, 0, '2018-08-30 23:02:05', '2018-08-30 14:11:14'),
(560, 14, 14, 6, 5, 0, 1, 0, 0, '2018-08-30 23:02:05', '2018-08-30 14:11:14'),
(561, 14, 14, 6, 6, 0, 1, 0, 0, '2018-08-30 23:02:05', '2018-08-30 14:11:14'),
(562, 15, 15, 1, 1, 1, 1, 0, 1, '2018-08-30 23:13:15', '2018-08-30 15:15:22'),
(563, 15, 15, 1, 2, 0, 1, 0, 1, '2018-08-30 23:13:15', '2018-08-30 15:15:22'),
(564, 15, 15, 1, 3, 0, 1, 0, 1, '2018-08-30 23:13:15', '2018-08-30 15:15:22'),
(565, 15, 15, 1, 4, 0, 1, 0, 1, '2018-08-30 23:13:15', '2018-08-30 15:15:22'),
(566, 15, 15, 1, 5, 0, 1, 0, 1, '2018-08-30 23:13:15', '2018-08-30 15:15:22'),
(567, 15, 15, 1, 6, 0, 1, 0, 1, '2018-08-30 23:13:15', '2018-08-30 15:15:22'),
(568, 16, 16, 9, 1, 4, 1, 0, 0, '2018-08-30 23:15:33', '2018-08-30 14:48:22'),
(569, 16, 16, 9, 2, 0, 1, 0, 0, '2018-08-30 23:15:33', '2018-08-30 14:48:22'),
(570, 16, 16, 9, 3, 2, 1, 0, 0, '2018-08-30 23:15:33', '2018-08-30 14:48:22'),
(571, 16, 16, 9, 4, 0, 1, 0, 0, '2018-08-30 23:15:33', '2018-08-30 14:48:22'),
(572, 16, 16, 9, 5, 0, 1, 0, 0, '2018-08-30 23:15:33', '2018-08-30 14:48:22'),
(573, 16, 16, 9, 6, 0, 1, 0, 0, '2018-08-30 23:15:33', '2018-08-30 14:48:22'),
(574, 17, 17, 2, 1, 0, 0, 0, 0, '2018-08-30 23:49:52', '2018-08-30 14:49:52'),
(575, 17, 17, 2, 2, 3, 0, 0, 0, '2018-08-30 23:49:52', '2018-08-30 14:49:52'),
(576, 17, 17, 2, 3, 0, 0, 0, 0, '2018-08-30 23:49:52', '2018-08-30 14:49:52'),
(577, 17, 17, 2, 4, 0, 0, 0, 0, '2018-08-30 23:49:52', '2018-08-30 14:49:52'),
(578, 17, 17, 2, 5, 0, 0, 0, 0, '2018-08-30 23:49:52', '2018-08-30 14:49:52'),
(579, 17, 17, 2, 6, 0, 0, 0, 0, '2018-08-30 23:49:52', '2018-08-30 14:49:52'),
(580, 18, 18, 5, 1, 2, 0, 0, 0, '2018-08-31 00:06:29', '2018-08-30 15:06:29'),
(581, 18, 18, 5, 2, 0, 0, 0, 0, '2018-08-31 00:06:29', '2018-08-30 15:06:29'),
(582, 18, 18, 5, 3, 0, 0, 0, 0, '2018-08-31 00:06:29', '2018-08-30 15:06:29'),
(583, 18, 18, 5, 4, 0, 0, 0, 0, '2018-08-31 00:06:29', '2018-08-30 15:06:29'),
(584, 18, 18, 5, 5, 0, 0, 0, 0, '2018-08-31 00:06:29', '2018-08-30 15:06:29'),
(585, 18, 18, 5, 6, 0, 0, 0, 0, '2018-08-31 00:06:29', '2018-08-30 15:06:29');

-- --------------------------------------------------------

--
-- Table structure for table `items`
--

CREATE TABLE `items` (
  `item_id` int(11) NOT NULL,
  `item_name` text NOT NULL,
  `value` int(11) NOT NULL,
  `stock` int(11) NOT NULL
) ENGINE=InnoDB DEFAULT CHARSET=utf8;

--
-- Dumping data for table `items`
--

INSERT INTO `items` (`item_id`, `item_name`, `value`, `stock`) VALUES
(1, 'コーヒー', 100, 100),
(2, '紅茶', 100, 100),
(3, 'オレンジジュース', 150, 100),
(4, 'チョコレートケーキ', 150, 100),
(5, 'アップルパイ', 150, 100),
(6, 'フルーツケーキ', 200, 100);

-- --------------------------------------------------------

--
-- Table structure for table `seat_status`
--

CREATE TABLE `seat_status` (
  `seat_number` int(11) NOT NULL,
  `status` int(11) NOT NULL DEFAULT '0',
  `customer_id` int(11) NOT NULL
) ENGINE=InnoDB DEFAULT CHARSET=utf8;

--
-- Dumping data for table `seat_status`
--

INSERT INTO `seat_status` (`seat_number`, `status`, `customer_id`) VALUES
(1, 0, 0),
(2, 1, 17),
(3, 1, 5),
(4, 1, 13),
(5, 1, 18),
(6, 1, 14),
(7, 1, 7),
(8, 1, 6),
(9, 1, 16),
(10, 1, 10);

--
-- Indexes for dumped tables
--

--
-- Indexes for table `history`
--
ALTER TABLE `history`
  ADD PRIMARY KEY (`history_id`);

--
-- Indexes for table `items`
--
ALTER TABLE `items`
  ADD PRIMARY KEY (`item_id`);

--
-- Indexes for table `seat_status`
--
ALTER TABLE `seat_status`
  ADD PRIMARY KEY (`seat_number`);

--
-- AUTO_INCREMENT for dumped tables
--

--
-- AUTO_INCREMENT for table `history`
--
ALTER TABLE `history`
  MODIFY `history_id` int(11) NOT NULL AUTO_INCREMENT, AUTO_INCREMENT=586;

--
-- AUTO_INCREMENT for table `items`
--
ALTER TABLE `items`
  MODIFY `item_id` int(11) NOT NULL AUTO_INCREMENT, AUTO_INCREMENT=7;

--
-- AUTO_INCREMENT for table `seat_status`
--
ALTER TABLE `seat_status`
  MODIFY `seat_number` int(11) NOT NULL AUTO_INCREMENT, AUTO_INCREMENT=11;
